<files>
<app>
		<name>Blue SystemUI and AOSP LockScreen v2</name>
		<author>flappjaxxx Uploaded 7/30/2012</author>
		<location>http://rootdev.org/i717/TU2/OTA/Apps/Blue-SystemUI-AOSP-LS-v2.zip</location>
		<image>http://rootdev.org/i717/images/Screenshot_2012-07-30-23-02-45.png</image>
		<mosver>UCLF6 Build #4 Only</mosver>
	</app>
<app>
		<name>UCLF6 AOSP LockScreen</name>
		<author>flappjaxxx Uploaded 7/30/2012</author>
		<location>http://rootdev.org/i717/TU2/OTA/Apps/UCLF6-AOSP_Lockscreen.zip</location>
		<image>http://rootdev.org/i717/images/Screenshot_2012-07-30-23-02-45.png</image>
		<mosver>UCLF6 Build #4 Only</mosver>
	</app>
<app>
		<name>Netflix v1.8.1 Full Rotation Black</name>
		<author>flappjaxxx</author>
		<location>http://rootdev.org/i717/TU2/OTA/Apps/Netflix-Black-RotationMod-v1.8.1.apk</location>
		<image>http://theandroidcollective.org/i717/ICS-repo/OTA/Apps/Netflix0.png</image>
		<mosver>apk</mosver>
	</app>

<app>
		<name>Volume Wake Revert for UCLF6 ROM *NOT FOR AOSPxXx*</name>
		<author>flappjaxxx</author>
		<location>http://rootdev.org/i717/TU2/OTA/Apps/UCLF6-FJM-VW-Revert.zip</location>
		<image></image>
		<mosver>UCLF6 Build #3 and #4 Only</mosver>
	</app>
<app>
		<name>UCLF6 Modem</name>
		<author>flappjaxxx</author>
		<location>http://rootdev.org/i717/TU2/OTA/Apps/i717-ICS-UCLF6-Modem.zip</location>
		<image></image>
		<mosver>Any ROM</mosver>
	</app>
<app>
		<name>Volume Wake for UCLF5 ROM *NOT FOR AOSPxXx*</name>
		<author>flappjaxxx</author>
		<location>http://rootdev.org/i717/TU2/OTA/Apps/UCLF5-FJM-VolumeWake.zip</location>
		<image></image>
		<mosver>UCLF5 Build #9 Only</mosver>
	</app>
<app>
		<name>AOSPxXx Live Chat</name>
		<author>flappjaxxx</author>
		<location>http://rootdev.org/i717/TU2/OTA/Apps/AOSPxXx-Chat.apk</location>
		<image>http://rootdev.org/i717/images/Screenshot_2012-07-02-16-27-05.png</image>
		<mosver>apk</mosver>
	</app>
<app>
		<name>6x5 Launcher2 with 7 Icon Dock</name>
		<author>flappjaxxx</author>
		<location>http://rootdev.org/i717/TU2/OTA/Apps/6x5-Launcher2-7ID.zip</location>
		<image>http://rootdev.org/i717/images/Screenshot_2012-06-21-00-45-42.png</image>
		<mosver>zip</mosver>
	</app>
<app>
		<name>5x5 Launcher2</name>
		<author>flappjaxxx</author>
		<location>http://rootdev.org/i717/TU2/OTA/Apps/5x5-Launcher2.zip</location>
		<image>http://rootdev.org/i717/images/Screenshot_2012-06-20-10-32-53.png</image>
		<mosver>zip</mosver>
	</app>
<app>
		<name>4x4 Launcher2</name>
		<author>flappjaxxx</author>
		<location>http://rootdev.org/i717/TU2/OTA/Apps/4x4-Launcher2.zip</location>
		<image>http://rootdev.org/i717/images/Screenshot_2012-06-20-10-32-53.png</image>
		<mosver>zip</mosver>
	</app>
<app>
		<name>ATT Visual VoiceMail</name>
		<author></author>
		<location>http://rootdev.org/i717/TU2/OTA/Apps/ATT-VVM.zip</location>
		<image></image>
		<mosver>UCLE2 ROM Only</mosver>
	</app>
<app>
		<name>Inverted and AOSP Apps</name>
		<author>Unknown</author>
		<location>http://rootdev.org/i717/TU2/OTA/Apps/InvertedGappsALL.zip</location>
		<image>http://rootdev.org/i717/TU2/OTA/Apps/InvertMarket.png</image>
		<mosver>AOSP/CM9 ROM Only</mosver>
	</app>
<app>
		<name>Inverted and AOSP Apps</name>
		<author>DAGr8</author>
		<location>http://rootdev.org/i717/TU2/OTA/Apps/INVERTED_APP_KIT_AOSP_Widgets-TU2.zip</location>
		<image>http://rootdev.org/i717/TU2/OTA/Apps/InvertMarket.png</image>
		<mosver>UCLE2 ROM Only</mosver>
	</app>
</files>
 