<files>
<rom>
		<name>-8/4/2012- AOSPxXx v1.1A Build #2</name>
		<author>flappjaxxx - Full Wipe Required Coming from other ROMs - No Exceptions</author>
		<location>http://the-official-fjmod.googlecode.com/files/AOSPxXx-v1.1A2.zip</location>
		<image>http://rootdev.org/i717/images/Screenshot_2012-06-20-10-32-53.png</image>
		<mosver>AOSPxXx v1.1A Build #1</mosver>
	</rom> 
<rom>
		<name>-7/27/2012- ICS IMM76D UCLF6 + The Unofficial FJMod Build #4</name>
		<author>flappjaxxx</author>
		<location>http://bit.ly/MQVVXy</location>
		<image>http://rootdev.org/i717/images/Screenshot_2012-07-27-20-12-22.png</image>
		<mosver>UCLF6 Build #4</mosver>
	</rom> 
<rom>
		<name>ICS IMM76D UCLF6 Base - Stock, Rooted, Deodexed, Bloated</name>
		<author>flappjaxxx</author>
		<location>http://bit.ly/NpUUae</location>
		<image></image>
		<mosver>UCLF6 Stock ROM</mosver>
	</rom> 
<rom>
		<name>ICS IMM76D UCLF5 + The Unofficial FJMod Build 9</name>
		<author>flappjaxxx</author>
		<location>http://bit.ly/N9M4NO</location>
		<image></image>
		<mosver>UCLF5 B9</mosver>
	</rom> 
<rom>
		<name>ICS IMM76D UCLF5 + The Unofficial FJMod Build 9 Mirror #2</name>
		<author>flappjaxxx</author>
		<location>http://d-h.st/eiG</location>
		<image></image>
		<mosver>UCLF5 B9</mosver>
	</rom> 
<rom>
		<name>ICS IMM76D UCLE2 + The Unofficial FJMod Build 6</name>
		<author>flappjaxxx</author>
		<location>http://bit.ly/LODpBm</location>
		<image></image>
		<mosver>2.1</mosver>
	</rom> 
<rom>
		<name>ICS IMM76D UCLE2 Base - Stock, Rooted, Deodexed</name>
		<author>flappjaxxx</author>
		<location>http://bit.ly/KFtc9H</location>
		<image></image>
		<mosver>2.1</mosver>
	</rom> 
</files>