<files>
 	<wallpaper>
		<name>#1 Wallpaper</name>
		<author></author>
		<location>http://rootdev.org/i717/TU2/OTA/Wallpapers/1.jpg</location>
		<image>http://rootdev.org/i717/TU2/OTA/Wallpapers/1_sm.jpg</image>
		<mosver></mosver>
	</wallpaper> 
 	<wallpaper>
		<name>#2 Wallpaper</name>
		<author></author>
		<location>http://rootdev.org/i717/TU2/OTA/Wallpapers/2.jpg</location>
		<image>http://rootdev.org/i717/TU2/OTA/Wallpapers/2_sm.jpg</image>
		<mosver></mosver>
	</wallpaper> 
 	<wallpaper>
		<name>#3 Wallpaper</name>
		<author></author>
		<location>http://rootdev.org/i717/TU2/OTA/Wallpapers/3.jpg</location>
		<image>http://rootdev.org/i717/TU2/OTA/Wallpapers/3_sm.jpg</image>
		<mosver></mosver>
	</wallpaper> 
 	<wallpaper>
		<name>#4 Wallpaper</name>
		<author></author>
		<location>http://rootdev.org/i717/TU2/OTA/Wallpapers/4.jpg</location>
		<image>http://rootdev.org/i717/TU2/OTA/Wallpapers/4_sm.jpg</image>
		<mosver></mosver>
	</wallpaper> 
 	<wallpaper>
		<name>#5 Wallpaper</name>
		<author></author>
		<location>http://rootdev.org/i717/TU2/OTA/Wallpapers/5.jpg</location>
		<image>http://rootdev.org/i717/TU2/OTA/Wallpapers/5_sm.jpg</image>
		<mosver></mosver>
	</wallpaper> 
 	<wallpaper>
		<name>#6 Wallpaper</name>
		<author></author>
		<location>http://rootdev.org/i717/TU2/OTA/Wallpapers/6.jpg</location>
		<image>http://rootdev.org/i717/TU2/OTA/Wallpapers/6_sm.jpg</image>
		<mosver></mosver>
	</wallpaper> 
 	<wallpaper>
		<name>#7 Wallpaper</name>
		<author></author>
		<location>http://rootdev.org/i717/TU2/OTA/Wallpapers/7.jpg</location>
		<image>http://rootdev.org/i717/TU2/OTA/Wallpapers/7_sm.jpg</image>
		<mosver></mosver>
	</wallpaper> 
 	<wallpaper>
		<name>#8 Wallpaper</name>
		<author></author>
		<location>http://rootdev.org/i717/TU2/OTA/Wallpapers/8.jpg</location>
		<image>http://rootdev.org/i717/TU2/OTA/Wallpapers/8_sm.jpg</image>
		<mosver></mosver>
	</wallpaper> 
 	<wallpaper>
		<name>#9 Wallpaper</name>
		<author></author>
		<location>http://rootdev.org/i717/TU2/OTA/Wallpapers/9.jpg</location>
		<image>http://rootdev.org/i717/TU2/OTA/Wallpapers/9_sm.jpg</image>
		<mosver></mosver>
	</wallpaper> 
 	<wallpaper>
		<name>#10 Wallpaper</name>
		<author></author>
		<location>http://rootdev.org/i717/TU2/OTA/Wallpapers/10.jpg</location>
		<image>http://rootdev.org/i717/TU2/OTA/Wallpapers/10_sm.jpg</image>
		<mosver></mosver>
	</wallpaper> 
 	<wallpaper>
		<name>#11 Wallpaper</name>
		<author></author>
		<location>http://rootdev.org/i717/TU2/OTA/Wallpapers/11.jpg</location>
		<image>http://rootdev.org/i717/TU2/OTA/Wallpapers/11_sm.jpg</image>
		<mosver></mosver>
	</wallpaper> 
 	<wallpaper>
		<name>#12 Wallpaper</name>
		<author></author>
		<location>http://rootdev.org/i717/TU2/OTA/Wallpapers/12.jpg</location>
		<image>http://rootdev.org/i717/TU2/OTA/Wallpapers/12_sm.jpg</image>
		<mosver></mosver>
	</wallpaper> 
 	<wallpaper>
		<name>#13 Wallpaper</name>
		<author></author>
		<location>http://rootdev.org/i717/TU2/OTA/Wallpapers/13.jpg</location>
		<image>http://rootdev.org/i717/TU2/OTA/Wallpapers/13_sm.jpg</image>
		<mosver></mosver>
	</wallpaper> 
 	<wallpaper>
		<name>#14 Wallpaper</name>
		<author></author>
		<location>http://rootdev.org/i717/TU2/OTA/Wallpapers/14.jpg</location>
		<image>http://rootdev.org/i717/TU2/OTA/Wallpapers/14_sm.jpg</image>
		<mosver></mosver>
	</wallpaper> 	
 	<wallpaper>
		<name>#15 Wallpaper</name>
		<author></author>
		<location>http://rootdev.org/i717/TU2/OTA/Wallpapers/15.png</location>
		<image>http://rootdev.org/i717/TU2/OTA/Wallpapers/15_sm.png</image>
		<mosver></mosver>
	</wallpaper> 
 	<wallpaper>
		<name>#16 Wallpaper</name>
		<author></author>
		<location>http://rootdev.org/i717/TU2/OTA/Wallpapers/16.png</location>
		<image>http://rootdev.org/i717/TU2/OTA/Wallpapers/16_sm.png</image>
		<mosver></mosver>
	</wallpaper> 
</files>